{"None": [0.8203125, 0.84375, 0.84375, 0.84375, 0.84375, 0.84375, 0.8515625, 0.8515625, 0.8515625, 0.859375], "ELU": [0.8515625, 0.890625, 0.8984375, 0.9296875, 0.9296875, 0.9296875, 0.953125, 0.953125, 0.953125, 0.96875], "ReLU": [0.828125, 0.890625, 0.8984375, 0.9140625, 0.9453125, 0.9609375, 0.9609375, 0.953125, 0.953125, 0.9609375], "LeakyReLU": [0.84375, 0.8828125, 0.890625, 0.9140625, 0.9296875, 0.9296875, 0.9375, 0.9375, 0.9453125, 0.9296875]}