{"train": [1.0, 1.0, 0.9921875, 1.0, 1.0], "valid": [0.9375, 0.9765625, 0.9921875, 0.9921875, 1.0]}