{"train": [0.9765625, 0.9921875, 0.9921875, 0.9921875, 1.0, 1.0, 1.0, 1.0, 1.0, 1.0], "valid": [0.828125, 0.8828125, 0.9140625, 0.921875, 0.9375, 0.9296875, 0.9609375, 0.9609375, 0.96875, 0.96875]}