{"train": [1.0, 1.0, 1.0, 1.0, 1.0, 1.0, 1.0, 1.0, 1.0, 1.0], "valid": [0.9453125, 0.984375, 0.9921875, 1.0, 1.0, 1.0, 1.0, 1.0, 1.0, 0.9921875]}