{"train": [1.0, 1.0, 1.0, 1.0, 1.0, 1.0, 1.0, 1.0, 1.0, 1.0], "valid": [0.9609375, 0.9765625, 0.984375, 0.984375, 0.984375, 0.9921875, 0.9765625, 0.9921875, 0.9921875, 0.96875]}