{"train": [0.9609375, 0.9921875, 0.9921875, 1.0, 1.0, 1.0, 1.0, 1.0, 1.0, 1.0], "valid": [0.8515625, 0.8828125, 0.8984375, 0.921875, 0.9375, 0.9609375, 0.9609375, 0.9453125, 0.9609375, 0.9765625]}